figure_name,file_location,name_stat,type_stat,name_syst,type_syst,description,paper_location,x1_name,x1_units,x2_name,x2_units,y_name,y_units
Figure_8_0_0,data/PbPb_Ct0_Pt1_src.root,hCorr_Err0_Chg2_spm,TH2,,,"C_N(eta_1, eta_2) for Pb+Pb, (260<=Nch<300)",Page 11,$\eta_1$,,$\eta_2$,,"$C_N(\eta_1, \eta_2)$",
Figure_8_0_1,data/PbPb_Ct1_Pt1_src.root,hCorr_Err0_Chg2_spm,TH2,,,"C_N(eta_1, eta_2) for Pb+Pb, (240<=Nch<260)",Page 11,$\eta_1$,,$\eta_2$,,"$C_N(\eta_1, \eta_2)$",
Figure_8_0_2,data/PbPb_Ct2_Pt1_src.root,hCorr_Err0_Chg2_spm,TH2,,,"C_N(eta_1, eta_2) for Pb+Pb, (220<=Nch<240)",Page 11,$\eta_1$,,$\eta_2$,,"$C_N(\eta_1, \eta_2)$",
Figure_8_0_3,data/PbPb_Ct3_Pt1_src.root,hCorr_Err0_Chg2_spm,TH2,,,"C_N(eta_1, eta_2) for Pb+Pb, (200<=Nch<220)",Page 11,$\eta_1$,,$\eta_2$,,"$C_N(\eta_1, \eta_2)$",
Figure_8_0_4,data/PbPb_Ct4_Pt1_src.root,hCorr_Err0_Chg2_spm,TH2,,,"C_N(eta_1, eta_2) for Pb+Pb, (180<=Nch<200)",Page 11,$\eta_1$,,$\eta_2$,,"$C_N(\eta_1, \eta_2)$",
Figure_8_0_5,data/PbPb_Ct5_Pt1_src.root,hCorr_Err0_Chg2_spm,TH2,,,"C_N(eta_1, eta_2) for Pb+Pb, (160<=Nch<180)",Page 11,$\eta_1$,,$\eta_2$,,"$C_N(\eta_1, \eta_2)$",
Figure_8_0_6,data/PbPb_Ct6_Pt1_src.root,hCorr_Err0_Chg2_spm,TH2,,,"C_N(eta_1, eta_2) for Pb+Pb, (140<=Nch<160)",Page 11,$\eta_1$,,$\eta_2$,,"$C_N(\eta_1, \eta_2)$",
Figure_8_0_7,data/PbPb_Ct7_Pt1_src.root,hCorr_Err0_Chg2_spm,TH2,,,"C_N(eta_1, eta_2) for Pb+Pb, (120<=Nch<140)",Page 11,$\eta_1$,,$\eta_2$,,"$C_N(\eta_1, \eta_2)$",
Figure_8_0_8,data/PbPb_Ct8_Pt1_src.root,hCorr_Err0_Chg2_spm,TH2,,,"C_N(eta_1, eta_2) for Pb+Pb, (100<=Nch<120)",Page 11,$\eta_1$,,$\eta_2$,,"$C_N(\eta_1, \eta_2)$",
Figure_8_0_9,data/PbPb_Ct9_Pt1_src.root,hCorr_Err0_Chg2_spm,TH2,,,"C_N(eta_1, eta_2) for Pb+Pb, (80<=Nch<100)",Page 11,$\eta_1$,,$\eta_2$,,"$C_N(\eta_1, \eta_2)$",
Figure_8_0_10,data/PbPb_Ct10_Pt1_src.root,hCorr_Err0_Chg2_spm,TH2,,,"C_N(eta_1, eta_2) for Pb+Pb, (60<=Nch<80)",Page 11,$\eta_1$,,$\eta_2$,,"$C_N(\eta_1, \eta_2)$",
Figure_8_0_11,data/PbPb_Ct11_Pt1_src.root,hCorr_Err0_Chg2_spm,TH2,,,"C_N(eta_1, eta_2) for Pb+Pb, (40<=Nch<60)",Page 11,$\eta_1$,,$\eta_2$,,"$C_N(\eta_1, \eta_2)$",
Figure_8_0_12,data/PbPb_Ct12_Pt1_src.root,hCorr_Err0_Chg2_spm,TH2,,,"C_N(eta_1, eta_2) for Pb+Pb, (20<=Nch<40)",Page 11,$\eta_1$,,$\eta_2$,,"$C_N(\eta_1, \eta_2)$",
Figure_8_0_13,data/PbPb_Ct13_Pt1_src.root,hCorr_Err0_Chg2_spm,TH2,,,"C_N(eta_1, eta_2) for Pb+Pb, (10<=Nch<20)",Page 11,$\eta_1$,,$\eta_2$,,"$C_N(\eta_1, \eta_2)$",
Figure_8_1_0,data/PbPb_Ct0_Pt1_src.root,hCorr_Err0_Chg2_Sh,TH2,,,"SRC(eta_1, eta_2) for Pb+Pb, (260<=Nch<300)",Page 11,$\eta_1$,,$\eta_2$,,"$SRC(\eta_1, \eta_2)$",
Figure_8_1_1,data/PbPb_Ct1_Pt1_src.root,hCorr_Err0_Chg2_Sh,TH2,,,"SRC(eta_1, eta_2) for Pb+Pb, (240<=Nch<260)",Page 11,$\eta_1$,,$\eta_2$,,"$SRC(\eta_1, \eta_2)$",
Figure_8_1_2,data/PbPb_Ct2_Pt1_src.root,hCorr_Err0_Chg2_Sh,TH2,,,"SRC(eta_1, eta_2) for Pb+Pb, (220<=Nch<240)",Page 11,$\eta_1$,,$\eta_2$,,"$SRC(\eta_1, \eta_2)$",
Figure_8_1_3,data/PbPb_Ct3_Pt1_src.root,hCorr_Err0_Chg2_Sh,TH2,,,"SRC(eta_1, eta_2) for Pb+Pb, (200<=Nch<220)",Page 11,$\eta_1$,,$\eta_2$,,"$SRC(\eta_1, \eta_2)$",
Figure_8_1_4,data/PbPb_Ct4_Pt1_src.root,hCorr_Err0_Chg2_Sh,TH2,,,"SRC(eta_1, eta_2) for Pb+Pb, (180<=Nch<200)",Page 11,$\eta_1$,,$\eta_2$,,"$SRC(\eta_1, \eta_2)$",
Figure_8_1_5,data/PbPb_Ct5_Pt1_src.root,hCorr_Err0_Chg2_Sh,TH2,,,"SRC(eta_1, eta_2) for Pb+Pb, (160<=Nch<180)",Page 11,$\eta_1$,,$\eta_2$,,"$SRC(\eta_1, \eta_2)$",
Figure_8_1_6,data/PbPb_Ct6_Pt1_src.root,hCorr_Err0_Chg2_Sh,TH2,,,"SRC(eta_1, eta_2) for Pb+Pb, (140<=Nch<160)",Page 11,$\eta_1$,,$\eta_2$,,"$SRC(\eta_1, \eta_2)$",
Figure_8_1_7,data/PbPb_Ct7_Pt1_src.root,hCorr_Err0_Chg2_Sh,TH2,,,"SRC(eta_1, eta_2) for Pb+Pb, (120<=Nch<140)",Page 11,$\eta_1$,,$\eta_2$,,"$SRC(\eta_1, \eta_2)$",
Figure_8_1_8,data/PbPb_Ct8_Pt1_src.root,hCorr_Err0_Chg2_Sh,TH2,,,"SRC(eta_1, eta_2) for Pb+Pb, (100<=Nch<120)",Page 11,$\eta_1$,,$\eta_2$,,"$SRC(\eta_1, \eta_2)$",
Figure_8_1_9,data/PbPb_Ct9_Pt1_src.root,hCorr_Err0_Chg2_Sh,TH2,,,"SRC(eta_1, eta_2) for Pb+Pb, (80<=Nch<100)",Page 11,$\eta_1$,,$\eta_2$,,"$SRC(\eta_1, \eta_2)$",
Figure_8_1_10,data/PbPb_Ct10_Pt1_src.root,hCorr_Err0_Chg2_Sh,TH2,,,"SRC(eta_1, eta_2) for Pb+Pb, (60<=Nch<80)",Page 11,$\eta_1$,,$\eta_2$,,"$SRC(\eta_1, \eta_2)$",
Figure_8_1_11,data/PbPb_Ct11_Pt1_src.root,hCorr_Err0_Chg2_Sh,TH2,,,"SRC(eta_1, eta_2) for Pb+Pb, (40<=Nch<60)",Page 11,$\eta_1$,,$\eta_2$,,"$SRC(\eta_1, \eta_2)$",
Figure_8_1_12,data/PbPb_Ct12_Pt1_src.root,hCorr_Err0_Chg2_Sh,TH2,,,"SRC(eta_1, eta_2) for Pb+Pb, (20<=Nch<40)",Page 11,$\eta_1$,,$\eta_2$,,"$SRC(\eta_1, \eta_2)$",
Figure_8_1_13,data/PbPb_Ct13_Pt1_src.root,hCorr_Err0_Chg2_Sh,TH2,,,"SRC(eta_1, eta_2) for Pb+Pb, (10<=Nch<20)",Page 11,$\eta_1$,,$\eta_2$,,"$SRC(\eta_1, \eta_2)$",
Figure_8_2_0,data/PbPb_Ct0_Pt1_src.root,hCorr_Err0_Chg2_Lg2,TH2,,,"C_N^sub(eta_1, eta_2) for Pb+Pb, (260<=Nch<300)",Page 11,$\eta_1$,,$\eta_2$,,"$C_N^{sub}(\eta_1, \eta_2)$",
Figure_8_2_1,data/PbPb_Ct1_Pt1_src.root,hCorr_Err0_Chg2_Lg2,TH2,,,"C_N^sub(eta_1, eta_2) for Pb+Pb, (240<=Nch<260)",Page 11,$\eta_1$,,$\eta_2$,,"$C_N^{sub}(\eta_1, \eta_2)$",
Figure_8_2_2,data/PbPb_Ct2_Pt1_src.root,hCorr_Err0_Chg2_Lg2,TH2,,,"C_N^sub(eta_1, eta_2) for Pb+Pb, (220<=Nch<240)",Page 11,$\eta_1$,,$\eta_2$,,"$C_N^{sub}(\eta_1, \eta_2)$",
Figure_8_2_3,data/PbPb_Ct3_Pt1_src.root,hCorr_Err0_Chg2_Lg2,TH2,,,"C_N^sub(eta_1, eta_2) for Pb+Pb, (200<=Nch<220)",Page 11,$\eta_1$,,$\eta_2$,,"$C_N^{sub}(\eta_1, \eta_2)$",
Figure_8_2_4,data/PbPb_Ct4_Pt1_src.root,hCorr_Err0_Chg2_Lg2,TH2,,,"C_N^sub(eta_1, eta_2) for Pb+Pb, (180<=Nch<200)",Page 11,$\eta_1$,,$\eta_2$,,"$C_N^{sub}(\eta_1, \eta_2)$",
Figure_8_2_5,data/PbPb_Ct5_Pt1_src.root,hCorr_Err0_Chg2_Lg2,TH2,,,"C_N^sub(eta_1, eta_2) for Pb+Pb, (160<=Nch<180)",Page 11,$\eta_1$,,$\eta_2$,,"$C_N^{sub}(\eta_1, \eta_2)$",
Figure_8_2_6,data/PbPb_Ct6_Pt1_src.root,hCorr_Err0_Chg2_Lg2,TH2,,,"C_N^sub(eta_1, eta_2) for Pb+Pb, (140<=Nch<160)",Page 11,$\eta_1$,,$\eta_2$,,"$C_N^{sub}(\eta_1, \eta_2)$",
Figure_8_2_7,data/PbPb_Ct7_Pt1_src.root,hCorr_Err0_Chg2_Lg2,TH2,,,"C_N^sub(eta_1, eta_2) for Pb+Pb, (120<=Nch<140)",Page 11,$\eta_1$,,$\eta_2$,,"$C_N^{sub}(\eta_1, \eta_2)$",
Figure_8_2_8,data/PbPb_Ct8_Pt1_src.root,hCorr_Err0_Chg2_Lg2,TH2,,,"C_N^sub(eta_1, eta_2) for Pb+Pb, (100<=Nch<120)",Page 11,$\eta_1$,,$\eta_2$,,"$C_N^{sub}(\eta_1, \eta_2)$",
Figure_8_2_9,data/PbPb_Ct9_Pt1_src.root,hCorr_Err0_Chg2_Lg2,TH2,,,"C_N^sub(eta_1, eta_2) for Pb+Pb, (80<=Nch<100)",Page 11,$\eta_1$,,$\eta_2$,,"$C_N^{sub}(\eta_1, \eta_2)$",
Figure_8_2_10,data/PbPb_Ct10_Pt1_src.root,hCorr_Err0_Chg2_Lg2,TH2,,,"C_N^sub(eta_1, eta_2) for Pb+Pb, (60<=Nch<80)",Page 11,$\eta_1$,,$\eta_2$,,"$C_N^{sub}(\eta_1, \eta_2)$",
Figure_8_2_11,data/PbPb_Ct11_Pt1_src.root,hCorr_Err0_Chg2_Lg2,TH2,,,"C_N^sub(eta_1, eta_2) for Pb+Pb, (40<=Nch<60)",Page 11,$\eta_1$,,$\eta_2$,,"$C_N^{sub}(\eta_1, \eta_2)$",
Figure_8_2_12,data/PbPb_Ct12_Pt1_src.root,hCorr_Err0_Chg2_Lg2,TH2,,,"C_N^sub(eta_1, eta_2) for Pb+Pb, (20<=Nch<40)",Page 11,$\eta_1$,,$\eta_2$,,"$C_N^{sub}(\eta_1, \eta_2)$",
Figure_8_2_13,data/PbPb_Ct13_Pt1_src.root,hCorr_Err0_Chg2_Lg2,TH2,,,"C_N^sub(eta_1, eta_2) for Pb+Pb, (10<=Nch<20)",Page 11,$\eta_1$,,$\eta_2$,,"$C_N^{sub}(\eta_1, \eta_2)$",
Figure_8_3_0,data/pPb_Ct0_Pt1_src.root,hCorr_Err0_Chg2_spm,TH2,,,"C_N(eta_1, eta_2) for p+Pb, (260<=Nch<300)",Page 11,$\eta_1$,,$\eta_2$,,"$C_N(\eta_1, \eta_2)$",
Figure_8_3_1,data/pPb_Ct1_Pt1_src.root,hCorr_Err0_Chg2_spm,TH2,,,"C_N(eta_1, eta_2) for p+Pb, (240<=Nch<260)",Page 11,$\eta_1$,,$\eta_2$,,"$C_N(\eta_1, \eta_2)$",
Figure_8_3_2,data/pPb_Ct2_Pt1_src.root,hCorr_Err0_Chg2_spm,TH2,,,"C_N(eta_1, eta_2) for p+Pb, (220<=Nch<240)",Page 11,$\eta_1$,,$\eta_2$,,"$C_N(\eta_1, \eta_2)$",
Figure_8_3_3,data/pPb_Ct3_Pt1_src.root,hCorr_Err0_Chg2_spm,TH2,,,"C_N(eta_1, eta_2) for p+Pb, (200<=Nch<220)",Page 11,$\eta_1$,,$\eta_2$,,"$C_N(\eta_1, \eta_2)$",
Figure_8_3_4,data/pPb_Ct4_Pt1_src.root,hCorr_Err0_Chg2_spm,TH2,,,"C_N(eta_1, eta_2) for p+Pb, (180<=Nch<200)",Page 11,$\eta_1$,,$\eta_2$,,"$C_N(\eta_1, \eta_2)$",
Figure_8_3_5,data/pPb_Ct5_Pt1_src.root,hCorr_Err0_Chg2_spm,TH2,,,"C_N(eta_1, eta_2) for p+Pb, (160<=Nch<180)",Page 11,$\eta_1$,,$\eta_2$,,"$C_N(\eta_1, \eta_2)$",
Figure_8_3_6,data/pPb_Ct6_Pt1_src.root,hCorr_Err0_Chg2_spm,TH2,,,"C_N(eta_1, eta_2) for p+Pb, (140<=Nch<160)",Page 11,$\eta_1$,,$\eta_2$,,"$C_N(\eta_1, \eta_2)$",
Figure_8_3_7,data/pPb_Ct7_Pt1_src.root,hCorr_Err0_Chg2_spm,TH2,,,"C_N(eta_1, eta_2) for p+Pb, (120<=Nch<140)",Page 11,$\eta_1$,,$\eta_2$,,"$C_N(\eta_1, \eta_2)$",
Figure_8_3_8,data/pPb_Ct8_Pt1_src.root,hCorr_Err0_Chg2_spm,TH2,,,"C_N(eta_1, eta_2) for p+Pb, (100<=Nch<120)",Page 11,$\eta_1$,,$\eta_2$,,"$C_N(\eta_1, \eta_2)$",
Figure_8_3_9,data/pPb_Ct9_Pt1_src.root,hCorr_Err0_Chg2_spm,TH2,,,"C_N(eta_1, eta_2) for p+Pb, (80<=Nch<100)",Page 11,$\eta_1$,,$\eta_2$,,"$C_N(\eta_1, \eta_2)$",
Figure_8_3_10,data/pPb_Ct10_Pt1_src.root,hCorr_Err0_Chg2_spm,TH2,,,"C_N(eta_1, eta_2) for p+Pb, (60<=Nch<80)",Page 11,$\eta_1$,,$\eta_2$,,"$C_N(\eta_1, \eta_2)$",
Figure_8_3_11,data/pPb_Ct11_Pt1_src.root,hCorr_Err0_Chg2_spm,TH2,,,"C_N(eta_1, eta_2) for p+Pb, (40<=Nch<60)",Page 11,$\eta_1$,,$\eta_2$,,"$C_N(\eta_1, \eta_2)$",
Figure_8_3_12,data/pPb_Ct12_Pt1_src.root,hCorr_Err0_Chg2_spm,TH2,,,"C_N(eta_1, eta_2) for p+Pb, (20<=Nch<40)",Page 11,$\eta_1$,,$\eta_2$,,"$C_N(\eta_1, \eta_2)$",
Figure_8_3_13,data/pPb_Ct13_Pt1_src.root,hCorr_Err0_Chg2_spm,TH2,,,"C_N(eta_1, eta_2) for p+Pb, (10<=Nch<20)",Page 11,$\eta_1$,,$\eta_2$,,"$C_N(\eta_1, \eta_2)$",
Figure_8_4_0,data/pPb_Ct0_Pt1_src.root,hCorr_Err0_Chg2_Sh,TH2,,,"SRC(eta_1, eta_2) for p+Pb, (260<=Nch<300)",Page 11,$\eta_1$,,$\eta_2$,,"$SRC(\eta_1, \eta_2)$",
Figure_8_4_1,data/pPb_Ct1_Pt1_src.root,hCorr_Err0_Chg2_Sh,TH2,,,"SRC(eta_1, eta_2) for p+Pb, (240<=Nch<260)",Page 11,$\eta_1$,,$\eta_2$,,"$SRC(\eta_1, \eta_2)$",
Figure_8_4_2,data/pPb_Ct2_Pt1_src.root,hCorr_Err0_Chg2_Sh,TH2,,,"SRC(eta_1, eta_2) for p+Pb, (220<=Nch<240)",Page 11,$\eta_1$,,$\eta_2$,,"$SRC(\eta_1, \eta_2)$",
Figure_8_4_3,data/pPb_Ct3_Pt1_src.root,hCorr_Err0_Chg2_Sh,TH2,,,"SRC(eta_1, eta_2) for p+Pb, (200<=Nch<220)",Page 11,$\eta_1$,,$\eta_2$,,"$SRC(\eta_1, \eta_2)$",
Figure_8_4_4,data/pPb_Ct4_Pt1_src.root,hCorr_Err0_Chg2_Sh,TH2,,,"SRC(eta_1, eta_2) for p+Pb, (180<=Nch<200)",Page 11,$\eta_1$,,$\eta_2$,,"$SRC(\eta_1, \eta_2)$",
Figure_8_4_5,data/pPb_Ct5_Pt1_src.root,hCorr_Err0_Chg2_Sh,TH2,,,"SRC(eta_1, eta_2) for p+Pb, (160<=Nch<180)",Page 11,$\eta_1$,,$\eta_2$,,"$SRC(\eta_1, \eta_2)$",
Figure_8_4_6,data/pPb_Ct6_Pt1_src.root,hCorr_Err0_Chg2_Sh,TH2,,,"SRC(eta_1, eta_2) for p+Pb, (140<=Nch<160)",Page 11,$\eta_1$,,$\eta_2$,,"$SRC(\eta_1, \eta_2)$",
Figure_8_4_7,data/pPb_Ct7_Pt1_src.root,hCorr_Err0_Chg2_Sh,TH2,,,"SRC(eta_1, eta_2) for p+Pb, (120<=Nch<140)",Page 11,$\eta_1$,,$\eta_2$,,"$SRC(\eta_1, \eta_2)$",
Figure_8_4_8,data/pPb_Ct8_Pt1_src.root,hCorr_Err0_Chg2_Sh,TH2,,,"SRC(eta_1, eta_2) for p+Pb, (100<=Nch<120)",Page 11,$\eta_1$,,$\eta_2$,,"$SRC(\eta_1, \eta_2)$",
Figure_8_4_9,data/pPb_Ct9_Pt1_src.root,hCorr_Err0_Chg2_Sh,TH2,,,"SRC(eta_1, eta_2) for p+Pb, (80<=Nch<100)",Page 11,$\eta_1$,,$\eta_2$,,"$SRC(\eta_1, \eta_2)$",
Figure_8_4_10,data/pPb_Ct10_Pt1_src.root,hCorr_Err0_Chg2_Sh,TH2,,,"SRC(eta_1, eta_2) for p+Pb, (60<=Nch<80)",Page 11,$\eta_1$,,$\eta_2$,,"$SRC(\eta_1, \eta_2)$",
Figure_8_4_11,data/pPb_Ct11_Pt1_src.root,hCorr_Err0_Chg2_Sh,TH2,,,"SRC(eta_1, eta_2) for p+Pb, (40<=Nch<60)",Page 11,$\eta_1$,,$\eta_2$,,"$SRC(\eta_1, \eta_2)$",
Figure_8_4_12,data/pPb_Ct12_Pt1_src.root,hCorr_Err0_Chg2_Sh,TH2,,,"SRC(eta_1, eta_2) for p+Pb, (20<=Nch<40)",Page 11,$\eta_1$,,$\eta_2$,,"$SRC(\eta_1, \eta_2)$",
Figure_8_4_13,data/pPb_Ct13_Pt1_src.root,hCorr_Err0_Chg2_Sh,TH2,,,"SRC(eta_1, eta_2) for p+Pb, (10<=Nch<20)",Page 11,$\eta_1$,,$\eta_2$,,"$SRC(\eta_1, \eta_2)$",
Figure_8_5_0,data/pPb_Ct0_Pt1_src.root,hCorr_Err0_Chg2_Lg2,TH2,,,"C_N^sub(eta_1, eta_2) for p+Pb, (260<=Nch<300)",Page 11,$\eta_1$,,$\eta_2$,,"$C_N^{sub}(\eta_1, \eta_2)$",
Figure_8_5_1,data/pPb_Ct1_Pt1_src.root,hCorr_Err0_Chg2_Lg2,TH2,,,"C_N^sub(eta_1, eta_2) for p+Pb, (240<=Nch<260)",Page 11,$\eta_1$,,$\eta_2$,,"$C_N^{sub}(\eta_1, \eta_2)$",
Figure_8_5_2,data/pPb_Ct2_Pt1_src.root,hCorr_Err0_Chg2_Lg2,TH2,,,"C_N^sub(eta_1, eta_2) for p+Pb, (220<=Nch<240)",Page 11,$\eta_1$,,$\eta_2$,,"$C_N^{sub}(\eta_1, \eta_2)$",
Figure_8_5_3,data/pPb_Ct3_Pt1_src.root,hCorr_Err0_Chg2_Lg2,TH2,,,"C_N^sub(eta_1, eta_2) for p+Pb, (200<=Nch<220)",Page 11,$\eta_1$,,$\eta_2$,,"$C_N^{sub}(\eta_1, \eta_2)$",
Figure_8_5_4,data/pPb_Ct4_Pt1_src.root,hCorr_Err0_Chg2_Lg2,TH2,,,"C_N^sub(eta_1, eta_2) for p+Pb, (180<=Nch<200)",Page 11,$\eta_1$,,$\eta_2$,,"$C_N^{sub}(\eta_1, \eta_2)$",
Figure_8_5_5,data/pPb_Ct5_Pt1_src.root,hCorr_Err0_Chg2_Lg2,TH2,,,"C_N^sub(eta_1, eta_2) for p+Pb, (160<=Nch<180)",Page 11,$\eta_1$,,$\eta_2$,,"$C_N^{sub}(\eta_1, \eta_2)$",
Figure_8_5_6,data/pPb_Ct6_Pt1_src.root,hCorr_Err0_Chg2_Lg2,TH2,,,"C_N^sub(eta_1, eta_2) for p+Pb, (140<=Nch<160)",Page 11,$\eta_1$,,$\eta_2$,,"$C_N^{sub}(\eta_1, \eta_2)$",
Figure_8_5_7,data/pPb_Ct7_Pt1_src.root,hCorr_Err0_Chg2_Lg2,TH2,,,"C_N^sub(eta_1, eta_2) for p+Pb, (120<=Nch<140)",Page 11,$\eta_1$,,$\eta_2$,,"$C_N^{sub}(\eta_1, \eta_2)$",
Figure_8_5_8,data/pPb_Ct8_Pt1_src.root,hCorr_Err0_Chg2_Lg2,TH2,,,"C_N^sub(eta_1, eta_2) for p+Pb, (100<=Nch<120)",Page 11,$\eta_1$,,$\eta_2$,,"$C_N^{sub}(\eta_1, \eta_2)$",
Figure_8_5_9,data/pPb_Ct9_Pt1_src.root,hCorr_Err0_Chg2_Lg2,TH2,,,"C_N^sub(eta_1, eta_2) for p+Pb, (80<=Nch<100)",Page 11,$\eta_1$,,$\eta_2$,,"$C_N^{sub}(\eta_1, \eta_2)$",
Figure_8_5_10,data/pPb_Ct10_Pt1_src.root,hCorr_Err0_Chg2_Lg2,TH2,,,"C_N^sub(eta_1, eta_2) for p+Pb, (60<=Nch<80)",Page 11,$\eta_1$,,$\eta_2$,,"$C_N^{sub}(\eta_1, \eta_2)$",
Figure_8_5_11,data/pPb_Ct11_Pt1_src.root,hCorr_Err0_Chg2_Lg2,TH2,,,"C_N^sub(eta_1, eta_2) for p+Pb, (40<=Nch<60)",Page 11,$\eta_1$,,$\eta_2$,,"$C_N^{sub}(\eta_1, \eta_2)$",
Figure_8_5_12,data/pPb_Ct12_Pt1_src.root,hCorr_Err0_Chg2_Lg2,TH2,,,"C_N^sub(eta_1, eta_2) for p+Pb, (20<=Nch<40)",Page 11,$\eta_1$,,$\eta_2$,,"$C_N^{sub}(\eta_1, \eta_2)$",
Figure_8_5_13,data/pPb_Ct13_Pt1_src.root,hCorr_Err0_Chg2_Lg2,TH2,,,"C_N^sub(eta_1, eta_2) for p+Pb, (10<=Nch<20)",Page 11,$\eta_1$,,$\eta_2$,,"$C_N^{sub}(\eta_1, \eta_2)$",
Figure_8_6_0,data/pp_Ct0_Pt1_src.root,hCorr_Err0_Chg2_spm,TH2,,,"C_N(eta_1, eta_2) for pp, (140<=Nch<160)",Page 11,$\eta_1$,,$\eta_2$,,"$C_N(\eta_1, \eta_2)$",
Figure_8_6_1,data/pp_Ct1_Pt1_src.root,hCorr_Err0_Chg2_spm,TH2,,,"C_N(eta_1, eta_2) for pp, (120<=Nch<140)",Page 11,$\eta_1$,,$\eta_2$,,"$C_N(\eta_1, \eta_2)$",
Figure_8_6_2,data/pp_Ct2_Pt1_src.root,hCorr_Err0_Chg2_spm,TH2,,,"C_N(eta_1, eta_2) for pp, (100<=Nch<120)",Page 11,$\eta_1$,,$\eta_2$,,"$C_N(\eta_1, \eta_2)$",
Figure_8_6_3,data/pp_Ct3_Pt1_src.root,hCorr_Err0_Chg2_spm,TH2,,,"C_N(eta_1, eta_2) for pp, (80<=Nch<100)",Page 11,$\eta_1$,,$\eta_2$,,"$C_N(\eta_1, \eta_2)$",
Figure_8_6_4,data/pp_Ct4_Pt1_src.root,hCorr_Err0_Chg2_spm,TH2,,,"C_N(eta_1, eta_2) for pp, (60<=Nch<80)",Page 11,$\eta_1$,,$\eta_2$,,"$C_N(\eta_1, \eta_2)$",
Figure_8_6_5,data/pp_Ct5_Pt1_src.root,hCorr_Err0_Chg2_spm,TH2,,,"C_N(eta_1, eta_2) for pp, (40<=Nch<60)",Page 11,$\eta_1$,,$\eta_2$,,"$C_N(\eta_1, \eta_2)$",
Figure_8_6_6,data/pp_Ct6_Pt1_src.root,hCorr_Err0_Chg2_spm,TH2,,,"C_N(eta_1, eta_2) for pp, (20<=Nch<40)",Page 11,$\eta_1$,,$\eta_2$,,"$C_N(\eta_1, \eta_2)$",
Figure_8_6_7,data/pp_Ct7_Pt1_src.root,hCorr_Err0_Chg2_spm,TH2,,,"C_N(eta_1, eta_2) for pp, (10<=Nch<20)",Page 11,$\eta_1$,,$\eta_2$,,"$C_N(\eta_1, \eta_2)$",
Figure_8_7_0,data/pp_Ct0_Pt1_src.root,hCorr_Err0_Chg2_Sh,TH2,,,"SRC(eta_1, eta_2) for pp, (140<=Nch<160)",Page 11,$\eta_1$,,$\eta_2$,,"$SRC(\eta_1, \eta_2)$",
Figure_8_7_1,data/pp_Ct1_Pt1_src.root,hCorr_Err0_Chg2_Sh,TH2,,,"SRC(eta_1, eta_2) for pp, (120<=Nch<140)",Page 11,$\eta_1$,,$\eta_2$,,"$SRC(\eta_1, \eta_2)$",
Figure_8_7_2,data/pp_Ct2_Pt1_src.root,hCorr_Err0_Chg2_Sh,TH2,,,"SRC(eta_1, eta_2) for pp, (100<=Nch<120)",Page 11,$\eta_1$,,$\eta_2$,,"$SRC(\eta_1, \eta_2)$",
Figure_8_7_3,data/pp_Ct3_Pt1_src.root,hCorr_Err0_Chg2_Sh,TH2,,,"SRC(eta_1, eta_2) for pp, (80<=Nch<100)",Page 11,$\eta_1$,,$\eta_2$,,"$SRC(\eta_1, \eta_2)$",
Figure_8_7_4,data/pp_Ct4_Pt1_src.root,hCorr_Err0_Chg2_Sh,TH2,,,"SRC(eta_1, eta_2) for pp, (60<=Nch<80)",Page 11,$\eta_1$,,$\eta_2$,,"$SRC(\eta_1, \eta_2)$",
Figure_8_7_5,data/pp_Ct5_Pt1_src.root,hCorr_Err0_Chg2_Sh,TH2,,,"SRC(eta_1, eta_2) for pp, (40<=Nch<60)",Page 11,$\eta_1$,,$\eta_2$,,"$SRC(\eta_1, \eta_2)$",
Figure_8_7_6,data/pp_Ct6_Pt1_src.root,hCorr_Err0_Chg2_Sh,TH2,,,"SRC(eta_1, eta_2) for pp, (20<=Nch<40)",Page 11,$\eta_1$,,$\eta_2$,,"$SRC(\eta_1, \eta_2)$",
Figure_8_7_7,data/pp_Ct7_Pt1_src.root,hCorr_Err0_Chg2_Sh,TH2,,,"SRC(eta_1, eta_2) for pp, (10<=Nch<20)",Page 11,$\eta_1$,,$\eta_2$,,"$SRC(\eta_1, \eta_2)$",
Figure_8_8_0,data/pp_Ct0_Pt1_src.root,hCorr_Err0_Chg2_Lg2,TH2,,,"C_N^sub(eta_1, eta_2) for pp, (140<=Nch<160)",Page 11,$\eta_1$,,$\eta_2$,,"$C_N^{sub}(\eta_1, \eta_2)$",
Figure_8_8_1,data/pp_Ct1_Pt1_src.root,hCorr_Err0_Chg2_Lg2,TH2,,,"C_N^sub(eta_1, eta_2) for pp, (120<=Nch<140)",Page 11,$\eta_1$,,$\eta_2$,,"$C_N^{sub}(\eta_1, \eta_2)$",
Figure_8_8_2,data/pp_Ct2_Pt1_src.root,hCorr_Err0_Chg2_Lg2,TH2,,,"C_N^sub(eta_1, eta_2) for pp, (100<=Nch<120)",Page 11,$\eta_1$,,$\eta_2$,,"$C_N^{sub}(\eta_1, \eta_2)$",
Figure_8_8_3,data/pp_Ct3_Pt1_src.root,hCorr_Err0_Chg2_Lg2,TH2,,,"C_N^sub(eta_1, eta_2) for pp, (80<=Nch<100)",Page 11,$\eta_1$,,$\eta_2$,,"$C_N^{sub}(\eta_1, \eta_2)$",
Figure_8_8_4,data/pp_Ct4_Pt1_src.root,hCorr_Err0_Chg2_Lg2,TH2,,,"C_N^sub(eta_1, eta_2) for pp, (60<=Nch<80)",Page 11,$\eta_1$,,$\eta_2$,,"$C_N^{sub}(\eta_1, \eta_2)$",
Figure_8_8_5,data/pp_Ct5_Pt1_src.root,hCorr_Err0_Chg2_Lg2,TH2,,,"C_N^sub(eta_1, eta_2) for pp, (40<=Nch<60)",Page 11,$\eta_1$,,$\eta_2$,,"$C_N^{sub}(\eta_1, \eta_2)$",
Figure_8_8_6,data/pp_Ct6_Pt1_src.root,hCorr_Err0_Chg2_Lg2,TH2,,,"C_N^sub(eta_1, eta_2) for pp, (20<=Nch<40)",Page 11,$\eta_1$,,$\eta_2$,,"$C_N^{sub}(\eta_1, \eta_2)$",
Figure_8_8_7,data/pp_Ct7_Pt1_src.root,hCorr_Err0_Chg2_Lg2,TH2,,,"C_N^sub(eta_1, eta_2) for pp, (10<=Nch<20)",Page 11,$\eta_1$,,$\eta_2$,,"$C_N^{sub}(\eta_1, \eta_2)$",
Figure_9_0_0,data/PbPb_Ct8_Pt1.root,gSpec_Chg1_Cmp0,TGraphAsymmErrors,gSpecSys_Chg1_Cmp0,TGraphAsymmErrors,"<a_n a_m> for Pb+Pb, w SRC, opposite pairs",Page 12,"$(n,m)$",,,,$a_n a_m$,
Figure_9_0_1,data/PbPb_Ct8_Pt1.root,gSpec_Chg2_Cmp0,TGraphAsymmErrors,gSpecSys_Chg2_Cmp0,TGraphAsymmErrors,"<a_n a_m> for Pb+Pb, w SRC, same pairs",Page 12,"$(n,m)$",,,,$a_n a_m$,
Figure_9_0_2,data/PbPb_Ct8_Pt1.root,gSpec_Chg0_Cmp0,TGraphAsymmErrors,gSpecSys_Chg0_Cmp0,TGraphAsymmErrors,"<a_n a_m> for Pb+Pb, w SRC, all pairs",Page 12,"$(n,m)$",,,,$a_n a_m$,
Figure_9_1_0,data/pPb_Ct8_Pt1.root,gSpec_Chg1_Cmp0,TGraphAsymmErrors,gSpecSys_Chg1_Cmp0,TGraphAsymmErrors,"<a_n a_m> for p+Pb, w SRC, opposite pairs",Page 12,"$(n,m)$",,,,$a_n a_m$,
Figure_9_1_1,data/pPb_Ct8_Pt1.root,gSpec_Chg2_Cmp0,TGraphAsymmErrors,gSpecSys_Chg2_Cmp0,TGraphAsymmErrors,"<a_n a_m> for p+Pb, w SRC, same pairs",Page 12,"$(n,m)$",,,,$a_n a_m$,
Figure_9_1_2,data/pPb_Ct8_Pt1.root,gSpec_Chg0_Cmp0,TGraphAsymmErrors,gSpecSys_Chg0_Cmp0,TGraphAsymmErrors,"<a_n a_m> for p+Pb, w SRC, all pairs",Page 12,"$(n,m)$",,,,$a_n a_m$,
Figure_9_2_0,data/pp_Ct8_Pt1.root,gSpec_Chg1_Cmp0,TGraphAsymmErrors,gSpecSys_Chg1_Cmp0,TGraphAsymmErrors,"<a_n a_m> for pp, w SRC, opposite pairs",Page 12,"$(n,m)$",,,,$a_n a_m$,
Figure_9_2_1,data/pp_Ct8_Pt1.root,gSpec_Chg2_Cmp0,TGraphAsymmErrors,gSpecSys_Chg2_Cmp0,TGraphAsymmErrors,"<a_n a_m> for pp, w SRC, same pairs",Page 12,"$(n,m)$",,,,$a_n a_m$,
Figure_9_2_2,data/pp_Ct8_Pt1.root,gSpec_Chg0_Cmp0,TGraphAsymmErrors,gSpecSys_Chg0_Cmp0,TGraphAsymmErrors,"<a_n a_m> for pp, w SRC, all pairs",Page 12,"$(n,m)$",,,,$a_n a_m$,
Figure_9_3_0,data/PbPb_Ct8_Pt1.root,gSpec_Chg1_Cmp3,TGraphAsymmErrors,gSpecSys_Chg1_Cmp3,TGraphAsymmErrors,"<a_n a_m> for Pb+Pb, wo SRC, opposite pairs",Page 12,"$(n,m)$",,,,$a_n a_m$,
Figure_9_3_1,data/PbPb_Ct8_Pt1.root,gSpec_Chg2_Cmp3,TGraphAsymmErrors,gSpecSys_Chg2_Cmp3,TGraphAsymmErrors,"<a_n a_m> for Pb+Pb, wo SRC, same pairs",Page 12,"$(n,m)$",,,,$a_n a_m$,
Figure_9_3_2,data/PbPb_Ct8_Pt1.root,gSpec_Chg0_Cmp3,TGraphAsymmErrors,gSpecSys_Chg0_Cmp3,TGraphAsymmErrors,"<a_n a_m> for Pb+Pb, wo SRC, all pairs",Page 12,"$(n,m)$",,,,$a_n a_m$,
Figure_9_4_0,data/pPb_Ct8_Pt1.root,gSpec_Chg1_Cmp3,TGraphAsymmErrors,gSpecSys_Chg1_Cmp3,TGraphAsymmErrors,"<a_n a_m> for p+Pb, wo SRC, opposite pairs",Page 12,"$(n,m)$",,,,$a_n a_m$,
Figure_9_4_1,data/pPb_Ct8_Pt1.root,gSpec_Chg2_Cmp3,TGraphAsymmErrors,gSpecSys_Chg2_Cmp3,TGraphAsymmErrors,"<a_n a_m> for p+Pb, wo SRC, same pairs",Page 12,"$(n,m)$",,,,$a_n a_m$,
Figure_9_4_2,data/pPb_Ct8_Pt1.root,gSpec_Chg0_Cmp3,TGraphAsymmErrors,gSpecSys_Chg0_Cmp3,TGraphAsymmErrors,"<a_n a_m> for p+Pb, wo SRC, all pairs",Page 12,"$(n,m)$",,,,$a_n a_m$,
Figure_9_5_0,data/pp_Ct8_Pt1.root,gSpec_Chg1_Cmp3,TGraphAsymmErrors,gSpecSys_Chg1_Cmp3,TGraphAsymmErrors,"<a_n a_m> for pp, wo SRC, opposite pairs",Page 12,"$(n,m)$",,,,$a_n a_m$,
Figure_9_5_1,data/pp_Ct8_Pt1.root,gSpec_Chg2_Cmp3,TGraphAsymmErrors,gSpecSys_Chg2_Cmp3,TGraphAsymmErrors,"<a_n a_m> for pp, wo SRC, same pairs",Page 12,"$(n,m)$",,,,$a_n a_m$,
Figure_9_5_2,data/pp_Ct8_Pt1.root,gSpec_Chg0_Cmp3,TGraphAsymmErrors,gSpecSys_Chg0_Cmp3,TGraphAsymmErrors,"<a_n a_m> for pp, wo SRC, all pairs",Page 12,"$(n,m)$",,,,$a_n a_m$,
Figure_14_0_0,data/srcCent.root,gSRC_Sys3_Pt1_Chg0,TGraphAsymmErrors,gSRCsys_Sys3_Pt1_Chg0,TGraphAsymmErrors,"SRC for Pb+Pb, all pairs",Page 15,$N_{ch}$,,,,$\Delta SRC$,
Figure_14_0_1,data/srcCent.root,gSRC_Sys3_Pt1_Chg1,TGraphAsymmErrors,gSRCsys_Sys3_Pt1_Chg1,TGraphAsymmErrors,"SRC for Pb+Pb, opposite pairs",Page 15,$N_{ch}$,,,,$\Delta SRC$,
Figure_14_0_2,data/srcCent.root,gSRC_Sys3_Pt1_Chg2,TGraphAsymmErrors,gSRCsys_Sys3_Pt1_Chg2,TGraphAsymmErrors,"SRC for Pb+Pb, same pairs",Page 15,$N_{ch}$,,,,$\Delta SRC$,
Figure_14_1_0,data/srcCent.root,gSRC_Sys1_Pt1_Chg0,TGraphAsymmErrors,gSRCsys_Sys1_Pt1_Chg0,TGraphAsymmErrors,"SRC for p+Pb, all pairs",Page 15,$N_{ch}$,,,,$\Delta SRC$,
Figure_14_1_1,data/srcCent.root,gSRC_Sys1_Pt1_Chg1,TGraphAsymmErrors,gSRCsys_Sys1_Pt1_Chg1,TGraphAsymmErrors,"SRC for p+Pb, opposite pairs",Page 15,$N_{ch}$,,,,$\Delta SRC$,
Figure_14_1_2,data/srcCent.root,gSRC_Sys1_Pt1_Chg2,TGraphAsymmErrors,gSRCsys_Sys1_Pt1_Chg2,TGraphAsymmErrors,"SRC for p+Pb, same pairs",Page 15,$N_{ch}$,,,,$\Delta SRC$,
Figure_14_2_0,data/srcCent.root,gSRC_Sys0_Pt1_Chg0,TGraphAsymmErrors,gSRCsys_Sys0_Pt1_Chg0,TGraphAsymmErrors,"SRC for pp, all pairs",Page 15,$N_{ch}$,,,,$\Delta SRC$,
Figure_14_2_1,data/srcCent.root,gSRC_Sys0_Pt1_Chg1,TGraphAsymmErrors,gSRCsys_Sys0_Pt1_Chg1,TGraphAsymmErrors,"SRC for pp, opposite pairs",Page 15,$N_{ch}$,,,,$\Delta SRC$,
Figure_14_2_2,data/srcCent.root,gSRC_Sys0_Pt1_Chg2,TGraphAsymmErrors,gSRCsys_Sys0_Pt1_Chg2,TGraphAsymmErrors,"SRC for pp, same pairs",Page 15,$N_{ch}$,,,,$\Delta SRC$,
Figure_15_0_0,data/srcCent.root,gSRC_Sys3_Pt1_Chg0,TGraphAsymmErrors,gSRCsys_Sys3_Pt1_Chg0,TGraphAsymmErrors,SRC for Pb+Pb,Page 15,$N_{ch}$,,,,$\Delta SRC$,
Figure_15_0_1,data/srcCent.root,gSRC_Sys1_Pt1_Chg0,TGraphAsymmErrors,gSRCsys_Sys1_Pt1_Chg0,TGraphAsymmErrors,SRC for p+Pb,Page 15,$N_{ch}$,,,,$\Delta SRC$,
Figure_15_0_2,data/srcCent.root,gSRC_Sys0_Pt1_Chg0,TGraphAsymmErrors,gSRCsys_Sys0_Pt1_Chg0,TGraphAsymmErrors,SRC for pp,Page 15,$N_{ch}$,,,,$\Delta SRC$,
Figure_15_1_0,data/a1CentAfter.root,gFitAll_Sys3_Pt1_Chg0,TGraphAsymmErrors,gFitAllSys_Sys3_Pt1_Chg0,TGraphAsymmErrors,a1 for Pb+Pb,Page 15,$N_{ch}$,,,,$a_1$,
Figure_15_1_1,data/a1CentAfter.root,gFitAll_Sys1_Pt1_Chg0,TGraphAsymmErrors,gFitAllSys_Sys1_Pt1_Chg0,TGraphAsymmErrors,a1 for p+Pb,Page 15,$N_{ch}$,,,,$a_1$,
Figure_15_1_2,data/a1CentAfter.root,gFitAll_Sys0_Pt1_Chg0,TGraphAsymmErrors,gFitAllSys_Sys0_Pt1_Chg0,TGraphAsymmErrors,a1 for pp,Page 15,$N_{ch}$,,,,$a_1$,
Figure_16_0,data/method1c_pPb.root,gf_c8_pt1_t2_reb,TGraphErrors,,,f(eta+) for p+Pb,Page 16,$\eta_+$,,,,$f(\eta_+)$,
Figure_16_1,data/method1c_pPbS.root,gf_c8_pt1_t2_reb,TGraphErrors,,,f(eta+) for symmetrized p+Pb,Page 16,$\eta_+$,,,,$f(\eta_+)$,
Figure_16_2,data/method1c_pp.root,gf_c2_pt1_t2_reb,TGraphErrors,,,f(eta+) for pp,Page 16,$\eta_+$,,,,$f(\eta_+)$,
Figure_16_3,data/method1c_PbPb.root,gf_c8_pt1_t2_reb,TGraphErrors,,,f(eta+) for Pb+Pb,Page 16,$\eta_+$,,,,$f(\eta_+)$,